<RCAExplore_Document>
	<Step nb="0">
		<Lattice numberObj="5" numberAtt="88" numberCpt="5" >
			<Config algo="fca">
			</Config>
			<Name>Collections</Name>
			<Object>ForwardingMultiset</Object>
			<Object>ForwardingSortedMultiset</Object>
			<Object>HashMultiset</Object>
			<Object>ImmutableSortedMultiset</Object>
			<Object>SortedMultiset</Object>
			<Attribute>int add(java.lang.Object, int)</Attribute>
			<Attribute>int remove(java.lang.Object, int)</Attribute>
			<Attribute>int count(java.lang.Object)</Attribute>
			<Attribute>interface java.util.Set entrySet()</Attribute>
			<Attribute>interface java.util.Set elementSet()</Attribute>
			<Attribute>boolean setCount(java.lang.Object, int, int)</Attribute>
			<Attribute>int setCount(java.lang.Object, int)</Attribute>
			<Attribute>boolean add(java.lang.Object)</Attribute>
			<Attribute>boolean remove(java.lang.Object)</Attribute>
			<Attribute>void clear()</Attribute>
			<Attribute>boolean contains(java.lang.Object)</Attribute>
			<Attribute>boolean isEmpty()</Attribute>
			<Attribute>interface java.util.Iterator iterator()</Attribute>
			<Attribute>int size()</Attribute>
			<Attribute>class [Ljava.lang.Object; toArray([Ljava.lang.Object;)</Attribute>
			<Attribute>class [Ljava.lang.Object; toArray()</Attribute>
			<Attribute>boolean addAll(java.util.Collection)</Attribute>
			<Attribute>boolean containsAll(java.util.Collection)</Attribute>
			<Attribute>boolean removeAll(java.util.Collection)</Attribute>
			<Attribute>boolean retainAll(java.util.Collection)</Attribute>
			<Attribute>interface java.util.stream.Stream stream()</Attribute>
			<Attribute>boolean removeIf(java.util.function.Predicate)</Attribute>
			<Attribute>interface java.util.stream.Stream parallelStream()</Attribute>
			<Attribute>interface java.util.Spliterator spliterator()</Attribute>
			<Attribute>void forEach(java.util.function.Consumer)</Attribute>
			<Attribute>void forEachEntry(java.util.function.ObjIntConsumer)</Attribute>
			<Attribute>interface com.google.common.collect.SortedMultiset descendingMultiset()</Attribute>
			<Attribute>interface java.util.SortedSet elementSet()</Attribute>
			<Attribute>interface java.util.NavigableSet elementSet()</Attribute>
			<Attribute>interface com.google.common.collect.Multiset$Entry lastEntry()</Attribute>
			<Attribute>interface com.google.common.collect.Multiset$Entry pollLastEntry()</Attribute>
			<Attribute>interface java.util.Comparator comparator()</Attribute>
			<Attribute>interface com.google.common.collect.SortedMultiset tailMultiset(java.lang.Object, com.google.common.collect.BoundType)</Attribute>
			<Attribute>interface com.google.common.collect.SortedMultiset headMultiset(java.lang.Object, com.google.common.collect.BoundType)</Attribute>
			<Attribute>interface com.google.common.collect.Multiset$Entry pollFirstEntry()</Attribute>
			<Attribute>interface com.google.common.collect.Multiset$Entry firstEntry()</Attribute>
			<Attribute>interface com.google.common.collect.SortedMultiset subMultiset(java.lang.Object, com.google.common.collect.BoundType, java.lang.Object, com.google.common.collect.BoundType)</Attribute>
			<Attribute>class com.google.common.collect.HashMultiset create(int)</Attribute>
			<Attribute>class com.google.common.collect.HashMultiset create(java.lang.Iterable)</Attribute>
			<Attribute>class com.google.common.collect.HashMultiset create()</Attribute>
			<Attribute>class com.google.common.collect.ImmutableSortedMultiset copyOf(java.util.Comparator, java.lang.Iterable)</Attribute>
			<Attribute>class com.google.common.collect.ImmutableSortedMultiset copyOf([Ljava.lang.Comparable;)</Attribute>
			<Attribute>class com.google.common.collect.ImmutableSortedMultiset copyOf(java.lang.Iterable)</Attribute>
			<Attribute>class com.google.common.collect.ImmutableSortedMultiset copyOf(java.util.Comparator, java.util.Iterator)</Attribute>
			<Attribute>class com.google.common.collect.ImmutableSortedMultiset copyOf(java.util.Iterator)</Attribute>
			<Attribute>class com.google.common.collect.ImmutableSortedMultiset of(java.lang.Comparable)</Attribute>
			<Attribute>class com.google.common.collect.ImmutableSortedMultiset of()</Attribute>
			<Attribute>class com.google.common.collect.ImmutableSortedMultiset of(java.lang.Comparable, java.lang.Comparable, java.lang.Comparable, java.lang.Comparable, java.lang.Comparable)</Attribute>
			<Attribute>class com.google.common.collect.ImmutableSortedMultiset of(java.lang.Comparable, java.lang.Comparable, java.lang.Comparable, java.lang.Comparable)</Attribute>
			<Attribute>class com.google.common.collect.ImmutableSortedMultiset of(java.lang.Comparable, java.lang.Comparable, java.lang.Comparable)</Attribute>
			<Attribute>class com.google.common.collect.ImmutableSortedMultiset of(java.lang.Comparable, java.lang.Comparable)</Attribute>
			<Attribute>class com.google.common.collect.ImmutableSortedMultiset of(java.lang.Comparable, java.lang.Comparable, java.lang.Comparable, java.lang.Comparable, java.lang.Comparable, java.lang.Comparable, [Ljava.lang.Comparable;)</Attribute>
			<Attribute>class com.google.common.collect.ImmutableSortedMultiset$Builder naturalOrder()</Attribute>
			<Attribute>class com.google.common.collect.ImmutableSortedMultiset$Builder reverseOrder()</Attribute>
			<Attribute>interface java.util.stream.Collector toImmutableSortedMultiset(java.util.Comparator, java.util.function.Function, java.util.function.ToIntFunction)</Attribute>
			<Attribute>interface java.util.stream.Collector toImmutableSortedMultiset(java.util.Comparator)</Attribute>
			<Attribute>class com.google.common.collect.ImmutableSortedMultiset descendingMultiset()</Attribute>
			<Attribute>class com.google.common.collect.ImmutableSet elementSet()</Attribute>
			<Attribute>class com.google.common.collect.ImmutableSortedSet elementSet()</Attribute>
			<Attribute>class com.google.common.collect.ImmutableSortedMultiset tailMultiset(java.lang.Object, com.google.common.collect.BoundType)</Attribute>
			<Attribute>class com.google.common.collect.ImmutableSortedMultiset headMultiset(java.lang.Object, com.google.common.collect.BoundType)</Attribute>
			<Attribute>class com.google.common.collect.ImmutableSortedMultiset subMultiset(java.lang.Object, com.google.common.collect.BoundType, java.lang.Object, com.google.common.collect.BoundType)</Attribute>
			<Attribute>class com.google.common.collect.ImmutableSortedMultiset$Builder orderedBy(java.util.Comparator)</Attribute>
			<Attribute>class com.google.common.collect.ImmutableSortedMultiset copyOfSorted(com.google.common.collect.SortedMultiset)</Attribute>
			<Attribute>class com.google.common.collect.ImmutableSortedMultiset copyOf([Ljava.lang.Object;)</Attribute>
			<Attribute>class com.google.common.collect.ImmutableSortedMultiset of(java.lang.Object, java.lang.Object)</Attribute>
			<Attribute>class com.google.common.collect.ImmutableSortedMultiset of(java.lang.Object, java.lang.Object, java.lang.Object, java.lang.Object)</Attribute>
			<Attribute>class com.google.common.collect.ImmutableSortedMultiset of(java.lang.Object, java.lang.Object, java.lang.Object, java.lang.Object, java.lang.Object)</Attribute>
			<Attribute>class com.google.common.collect.ImmutableSortedMultiset of(java.lang.Object, java.lang.Object, java.lang.Object, java.lang.Object, java.lang.Object, java.lang.Object, [Ljava.lang.Object;)</Attribute>
			<Attribute>class com.google.common.collect.ImmutableSortedMultiset of(java.lang.Object, java.lang.Object, java.lang.Object)</Attribute>
			<Attribute>class com.google.common.collect.ImmutableSortedMultiset of(java.lang.Object)</Attribute>
			<Attribute>interface java.util.stream.Collector toImmutableMultiset(java.util.function.Function, java.util.function.ToIntFunction)</Attribute>
			<Attribute>interface java.util.stream.Collector toImmutableMultiset()</Attribute>
			<Attribute>class com.google.common.collect.ImmutableSortedMultiset$Builder builder()</Attribute>
			<Attribute>class com.google.common.collect.ImmutableMultiset copyOf([Ljava.lang.Object;)</Attribute>
			<Attribute>class com.google.common.collect.ImmutableMultiset copyOf(java.lang.Iterable)</Attribute>
			<Attribute>class com.google.common.collect.ImmutableMultiset copyOf(java.util.Iterator)</Attribute>
			<Attribute>class com.google.common.collect.UnmodifiableIterator iterator()</Attribute>
			<Attribute>class com.google.common.collect.ImmutableSet entrySet()</Attribute>
			<Attribute>class com.google.common.collect.ImmutableList asList()</Attribute>
			<Attribute>class com.google.common.collect.ImmutableMultiset of(java.lang.Object, java.lang.Object, java.lang.Object, java.lang.Object)</Attribute>
			<Attribute>class com.google.common.collect.ImmutableMultiset of()</Attribute>
			<Attribute>class com.google.common.collect.ImmutableMultiset of(java.lang.Object)</Attribute>
			<Attribute>class com.google.common.collect.ImmutableMultiset of(java.lang.Object, java.lang.Object, java.lang.Object)</Attribute>
			<Attribute>class com.google.common.collect.ImmutableMultiset of(java.lang.Object, java.lang.Object, java.lang.Object, java.lang.Object, java.lang.Object, java.lang.Object, [Ljava.lang.Object;)</Attribute>
			<Attribute>class com.google.common.collect.ImmutableMultiset of(java.lang.Object, java.lang.Object)</Attribute>
			<Attribute>class com.google.common.collect.ImmutableMultiset of(java.lang.Object, java.lang.Object, java.lang.Object, java.lang.Object, java.lang.Object)</Attribute>
			<Attribute>class com.google.common.collect.ImmutableMultiset$Builder builder()</Attribute>
			<Concept>
				<ID>Concept_Collections_4</ID>
				<Extent>
					<Object_Ref>ForwardingMultiset</Object_Ref>
					<Object_Ref>ForwardingSortedMultiset</Object_Ref>
					<Object_Ref>HashMultiset</Object_Ref>
					<Object_Ref>ImmutableSortedMultiset</Object_Ref>
					<Object_Ref>SortedMultiset</Object_Ref>
				</Extent>
				<Intent>
					<Attribute_Ref>interface java.util.Spliterator spliterator()</Attribute_Ref>
					<Attribute_Ref>void forEachEntry(java.util.function.ObjIntConsumer)</Attribute_Ref>
					<Attribute_Ref>boolean removeIf(java.util.function.Predicate)</Attribute_Ref>
					<Attribute_Ref>void forEach(java.util.function.Consumer)</Attribute_Ref>
					<Attribute_Ref>interface java.util.Set entrySet()</Attribute_Ref>
					<Attribute_Ref>int size()</Attribute_Ref>
					<Attribute_Ref>int remove(java.lang.Object, int)</Attribute_Ref>
					<Attribute_Ref>boolean addAll(java.util.Collection)</Attribute_Ref>
					<Attribute_Ref>boolean isEmpty()</Attribute_Ref>
					<Attribute_Ref>boolean setCount(java.lang.Object, int, int)</Attribute_Ref>
					<Attribute_Ref>void clear()</Attribute_Ref>
					<Attribute_Ref>int add(java.lang.Object, int)</Attribute_Ref>
					<Attribute_Ref>interface java.util.Iterator iterator()</Attribute_Ref>
					<Attribute_Ref>boolean retainAll(java.util.Collection)</Attribute_Ref>
					<Attribute_Ref>int setCount(java.lang.Object, int)</Attribute_Ref>
					<Attribute_Ref>class [Ljava.lang.Object; toArray([Ljava.lang.Object;)</Attribute_Ref>
					<Attribute_Ref>interface java.util.Set elementSet()</Attribute_Ref>
					<Attribute_Ref>interface java.util.stream.Stream parallelStream()</Attribute_Ref>
					<Attribute_Ref>boolean removeAll(java.util.Collection)</Attribute_Ref>
					<Attribute_Ref>boolean add(java.lang.Object)</Attribute_Ref>
					<Attribute_Ref>class [Ljava.lang.Object; toArray()</Attribute_Ref>
					<Attribute_Ref>int count(java.lang.Object)</Attribute_Ref>
					<Attribute_Ref>boolean remove(java.lang.Object)</Attribute_Ref>
					<Attribute_Ref>interface java.util.stream.Stream stream()</Attribute_Ref>
					<Attribute_Ref>boolean containsAll(java.util.Collection)</Attribute_Ref>
					<Attribute_Ref>boolean contains(java.lang.Object)</Attribute_Ref>
				</Intent>
				<UpperCovers>
				</UpperCovers>
			</Concept>
			<Concept>
				<ID>Concept_Collections_3</ID>
				<Extent>
					<Object_Ref>ForwardingSortedMultiset</Object_Ref>
					<Object_Ref>ImmutableSortedMultiset</Object_Ref>
					<Object_Ref>SortedMultiset</Object_Ref>
				</Extent>
				<Intent>
					<Attribute_Ref>interface java.util.Spliterator spliterator()</Attribute_Ref>
					<Attribute_Ref>void forEachEntry(java.util.function.ObjIntConsumer)</Attribute_Ref>
					<Attribute_Ref>boolean removeIf(java.util.function.Predicate)</Attribute_Ref>
					<Attribute_Ref>void forEach(java.util.function.Consumer)</Attribute_Ref>
					<Attribute_Ref>interface java.util.Set entrySet()</Attribute_Ref>
					<Attribute_Ref>int size()</Attribute_Ref>
					<Attribute_Ref>int remove(java.lang.Object, int)</Attribute_Ref>
					<Attribute_Ref>boolean addAll(java.util.Collection)</Attribute_Ref>
					<Attribute_Ref>interface com.google.common.collect.SortedMultiset subMultiset(java.lang.Object, com.google.common.collect.BoundType, java.lang.Object, com.google.common.collect.BoundType)</Attribute_Ref>
					<Attribute_Ref>boolean isEmpty()</Attribute_Ref>
					<Attribute_Ref>interface java.util.NavigableSet elementSet()</Attribute_Ref>
					<Attribute_Ref>interface java.util.SortedSet elementSet()</Attribute_Ref>
					<Attribute_Ref>boolean setCount(java.lang.Object, int, int)</Attribute_Ref>
					<Attribute_Ref>void clear()</Attribute_Ref>
					<Attribute_Ref>interface com.google.common.collect.Multiset$Entry firstEntry()</Attribute_Ref>
					<Attribute_Ref>interface com.google.common.collect.SortedMultiset headMultiset(java.lang.Object, com.google.common.collect.BoundType)</Attribute_Ref>
					<Attribute_Ref>interface com.google.common.collect.Multiset$Entry pollFirstEntry()</Attribute_Ref>
					<Attribute_Ref>int add(java.lang.Object, int)</Attribute_Ref>
					<Attribute_Ref>interface java.util.Iterator iterator()</Attribute_Ref>
					<Attribute_Ref>boolean retainAll(java.util.Collection)</Attribute_Ref>
					<Attribute_Ref>interface com.google.common.collect.Multiset$Entry pollLastEntry()</Attribute_Ref>
					<Attribute_Ref>interface com.google.common.collect.SortedMultiset tailMultiset(java.lang.Object, com.google.common.collect.BoundType)</Attribute_Ref>
					<Attribute_Ref>int setCount(java.lang.Object, int)</Attribute_Ref>
					<Attribute_Ref>class [Ljava.lang.Object; toArray([Ljava.lang.Object;)</Attribute_Ref>
					<Attribute_Ref>interface java.util.Set elementSet()</Attribute_Ref>
					<Attribute_Ref>interface com.google.common.collect.SortedMultiset descendingMultiset()</Attribute_Ref>
					<Attribute_Ref>interface com.google.common.collect.Multiset$Entry lastEntry()</Attribute_Ref>
					<Attribute_Ref>interface java.util.stream.Stream parallelStream()</Attribute_Ref>
					<Attribute_Ref>boolean removeAll(java.util.Collection)</Attribute_Ref>
					<Attribute_Ref>boolean add(java.lang.Object)</Attribute_Ref>
					<Attribute_Ref>class [Ljava.lang.Object; toArray()</Attribute_Ref>
					<Attribute_Ref>int count(java.lang.Object)</Attribute_Ref>
					<Attribute_Ref>boolean remove(java.lang.Object)</Attribute_Ref>
					<Attribute_Ref>interface java.util.stream.Stream stream()</Attribute_Ref>
					<Attribute_Ref>boolean containsAll(java.util.Collection)</Attribute_Ref>
					<Attribute_Ref>interface java.util.Comparator comparator()</Attribute_Ref>
					<Attribute_Ref>boolean contains(java.lang.Object)</Attribute_Ref>
				</Intent>
				<UpperCovers>
					<Concept_Ref>Concept_Collections_4</Concept_Ref>
				</UpperCovers>
			</Concept>
			<Concept>
				<ID>Concept_Collections_0</ID>
				<Extent>
				</Extent>
				<Intent>
					<Attribute_Ref>interface java.util.Spliterator spliterator()</Attribute_Ref>
					<Attribute_Ref>void forEachEntry(java.util.function.ObjIntConsumer)</Attribute_Ref>
					<Attribute_Ref>class com.google.common.collect.ImmutableSortedMultiset copyOf(java.util.Iterator)</Attribute_Ref>
					<Attribute_Ref>interface java.util.stream.Collector toImmutableMultiset(java.util.function.Function, java.util.function.ToIntFunction)</Attribute_Ref>
					<Attribute_Ref>int size()</Attribute_Ref>
					<Attribute_Ref>class com.google.common.collect.ImmutableSortedMultiset copyOf(java.lang.Iterable)</Attribute_Ref>
					<Attribute_Ref>class com.google.common.collect.ImmutableSortedMultiset of(java.lang.Comparable, java.lang.Comparable, java.lang.Comparable, java.lang.Comparable, java.lang.Comparable, java.lang.Comparable, [Ljava.lang.Comparable;)</Attribute_Ref>
					<Attribute_Ref>class com.google.common.collect.ImmutableSet elementSet()</Attribute_Ref>
					<Attribute_Ref>class com.google.common.collect.ImmutableSortedMultiset of(java.lang.Object, java.lang.Object, java.lang.Object, java.lang.Object, java.lang.Object)</Attribute_Ref>
					<Attribute_Ref>int remove(java.lang.Object, int)</Attribute_Ref>
					<Attribute_Ref>class com.google.common.collect.ImmutableSortedMultiset$Builder reverseOrder()</Attribute_Ref>
					<Attribute_Ref>boolean addAll(java.util.Collection)</Attribute_Ref>
					<Attribute_Ref>interface com.google.common.collect.SortedMultiset subMultiset(java.lang.Object, com.google.common.collect.BoundType, java.lang.Object, com.google.common.collect.BoundType)</Attribute_Ref>
					<Attribute_Ref>interface java.util.stream.Collector toImmutableSortedMultiset(java.util.Comparator)</Attribute_Ref>
					<Attribute_Ref>class com.google.common.collect.ImmutableMultiset of(java.lang.Object)</Attribute_Ref>
					<Attribute_Ref>boolean isEmpty()</Attribute_Ref>
					<Attribute_Ref>class com.google.common.collect.ImmutableMultiset of(java.lang.Object, java.lang.Object, java.lang.Object, java.lang.Object, java.lang.Object, java.lang.Object, [Ljava.lang.Object;)</Attribute_Ref>
					<Attribute_Ref>interface java.util.SortedSet elementSet()</Attribute_Ref>
					<Attribute_Ref>class com.google.common.collect.ImmutableMultiset copyOf(java.lang.Iterable)</Attribute_Ref>
					<Attribute_Ref>boolean setCount(java.lang.Object, int, int)</Attribute_Ref>
					<Attribute_Ref>void clear()</Attribute_Ref>
					<Attribute_Ref>class com.google.common.collect.ImmutableSortedMultiset descendingMultiset()</Attribute_Ref>
					<Attribute_Ref>interface java.util.stream.Collector toImmutableMultiset()</Attribute_Ref>
					<Attribute_Ref>interface com.google.common.collect.Multiset$Entry pollLastEntry()</Attribute_Ref>
					<Attribute_Ref>interface com.google.common.collect.SortedMultiset tailMultiset(java.lang.Object, com.google.common.collect.BoundType)</Attribute_Ref>
					<Attribute_Ref>class com.google.common.collect.ImmutableMultiset of(java.lang.Object, java.lang.Object, java.lang.Object, java.lang.Object)</Attribute_Ref>
					<Attribute_Ref>class com.google.common.collect.ImmutableSortedMultiset of(java.lang.Object, java.lang.Object, java.lang.Object)</Attribute_Ref>
					<Attribute_Ref>class com.google.common.collect.ImmutableSortedMultiset of(java.lang.Object)</Attribute_Ref>
					<Attribute_Ref>interface com.google.common.collect.SortedMultiset descendingMultiset()</Attribute_Ref>
					<Attribute_Ref>interface com.google.common.collect.Multiset$Entry lastEntry()</Attribute_Ref>
					<Attribute_Ref>class com.google.common.collect.ImmutableSortedMultiset copyOf(java.util.Comparator, java.lang.Iterable)</Attribute_Ref>
					<Attribute_Ref>class com.google.common.collect.ImmutableMultiset copyOf(java.util.Iterator)</Attribute_Ref>
					<Attribute_Ref>boolean add(java.lang.Object)</Attribute_Ref>
					<Attribute_Ref>class [Ljava.lang.Object; toArray()</Attribute_Ref>
					<Attribute_Ref>class com.google.common.collect.ImmutableSortedMultiset$Builder builder()</Attribute_Ref>
					<Attribute_Ref>class com.google.common.collect.ImmutableMultiset$Builder builder()</Attribute_Ref>
					<Attribute_Ref>boolean remove(java.lang.Object)</Attribute_Ref>
					<Attribute_Ref>interface java.util.stream.Stream stream()</Attribute_Ref>
					<Attribute_Ref>boolean containsAll(java.util.Collection)</Attribute_Ref>
					<Attribute_Ref>class com.google.common.collect.ImmutableMultiset of()</Attribute_Ref>
					<Attribute_Ref>boolean removeIf(java.util.function.Predicate)</Attribute_Ref>
					<Attribute_Ref>void forEach(java.util.function.Consumer)</Attribute_Ref>
					<Attribute_Ref>interface java.util.Set entrySet()</Attribute_Ref>
					<Attribute_Ref>class com.google.common.collect.ImmutableSet entrySet()</Attribute_Ref>
					<Attribute_Ref>class com.google.common.collect.ImmutableSortedMultiset copyOf(java.util.Comparator, java.util.Iterator)</Attribute_Ref>
					<Attribute_Ref>class com.google.common.collect.ImmutableSortedMultiset of(java.lang.Comparable, java.lang.Comparable, java.lang.Comparable, java.lang.Comparable, java.lang.Comparable)</Attribute_Ref>
					<Attribute_Ref>class com.google.common.collect.ImmutableSortedMultiset copyOf([Ljava.lang.Object;)</Attribute_Ref>
					<Attribute_Ref>class com.google.common.collect.ImmutableSortedSet elementSet()</Attribute_Ref>
					<Attribute_Ref>class com.google.common.collect.ImmutableSortedMultiset$Builder orderedBy(java.util.Comparator)</Attribute_Ref>
					<Attribute_Ref>class com.google.common.collect.ImmutableSortedMultiset of(java.lang.Object, java.lang.Object)</Attribute_Ref>
					<Attribute_Ref>class com.google.common.collect.ImmutableSortedMultiset of(java.lang.Comparable, java.lang.Comparable, java.lang.Comparable, java.lang.Comparable)</Attribute_Ref>
					<Attribute_Ref>class com.google.common.collect.ImmutableSortedMultiset tailMultiset(java.lang.Object, com.google.common.collect.BoundType)</Attribute_Ref>
					<Attribute_Ref>interface java.util.NavigableSet elementSet()</Attribute_Ref>
					<Attribute_Ref>interface java.util.stream.Collector toImmutableSortedMultiset(java.util.Comparator, java.util.function.Function, java.util.function.ToIntFunction)</Attribute_Ref>
					<Attribute_Ref>interface com.google.common.collect.Multiset$Entry firstEntry()</Attribute_Ref>
					<Attribute_Ref>class com.google.common.collect.ImmutableSortedMultiset of(java.lang.Comparable)</Attribute_Ref>
					<Attribute_Ref>interface com.google.common.collect.SortedMultiset headMultiset(java.lang.Object, com.google.common.collect.BoundType)</Attribute_Ref>
					<Attribute_Ref>interface com.google.common.collect.Multiset$Entry pollFirstEntry()</Attribute_Ref>
					<Attribute_Ref>int add(java.lang.Object, int)</Attribute_Ref>
					<Attribute_Ref>interface java.util.Iterator iterator()</Attribute_Ref>
					<Attribute_Ref>class com.google.common.collect.ImmutableSortedMultiset of(java.lang.Comparable, java.lang.Comparable)</Attribute_Ref>
					<Attribute_Ref>class com.google.common.collect.ImmutableSortedMultiset of(java.lang.Comparable, java.lang.Comparable, java.lang.Comparable)</Attribute_Ref>
					<Attribute_Ref>boolean retainAll(java.util.Collection)</Attribute_Ref>
					<Attribute_Ref>class com.google.common.collect.HashMultiset create(int)</Attribute_Ref>
					<Attribute_Ref>class com.google.common.collect.ImmutableSortedMultiset of(java.lang.Object, java.lang.Object, java.lang.Object, java.lang.Object, java.lang.Object, java.lang.Object, [Ljava.lang.Object;)</Attribute_Ref>
					<Attribute_Ref>class com.google.common.collect.ImmutableMultiset of(java.lang.Object, java.lang.Object, java.lang.Object)</Attribute_Ref>
					<Attribute_Ref>class com.google.common.collect.ImmutableSortedMultiset$Builder naturalOrder()</Attribute_Ref>
					<Attribute_Ref>int setCount(java.lang.Object, int)</Attribute_Ref>
					<Attribute_Ref>class [Ljava.lang.Object; toArray([Ljava.lang.Object;)</Attribute_Ref>
					<Attribute_Ref>interface java.util.Set elementSet()</Attribute_Ref>
					<Attribute_Ref>class com.google.common.collect.HashMultiset create()</Attribute_Ref>
					<Attribute_Ref>class com.google.common.collect.ImmutableMultiset of(java.lang.Object, java.lang.Object)</Attribute_Ref>
					<Attribute_Ref>interface java.util.stream.Stream parallelStream()</Attribute_Ref>
					<Attribute_Ref>boolean removeAll(java.util.Collection)</Attribute_Ref>
					<Attribute_Ref>class com.google.common.collect.HashMultiset create(java.lang.Iterable)</Attribute_Ref>
					<Attribute_Ref>class com.google.common.collect.ImmutableSortedMultiset of(java.lang.Object, java.lang.Object, java.lang.Object, java.lang.Object)</Attribute_Ref>
					<Attribute_Ref>int count(java.lang.Object)</Attribute_Ref>
					<Attribute_Ref>class com.google.common.collect.ImmutableSortedMultiset headMultiset(java.lang.Object, com.google.common.collect.BoundType)</Attribute_Ref>
					<Attribute_Ref>class com.google.common.collect.UnmodifiableIterator iterator()</Attribute_Ref>
					<Attribute_Ref>class com.google.common.collect.ImmutableSortedMultiset copyOf([Ljava.lang.Comparable;)</Attribute_Ref>
					<Attribute_Ref>class com.google.common.collect.ImmutableSortedMultiset copyOfSorted(com.google.common.collect.SortedMultiset)</Attribute_Ref>
					<Attribute_Ref>class com.google.common.collect.ImmutableList asList()</Attribute_Ref>
					<Attribute_Ref>class com.google.common.collect.ImmutableMultiset of(java.lang.Object, java.lang.Object, java.lang.Object, java.lang.Object, java.lang.Object)</Attribute_Ref>
					<Attribute_Ref>class com.google.common.collect.ImmutableMultiset copyOf([Ljava.lang.Object;)</Attribute_Ref>
					<Attribute_Ref>class com.google.common.collect.ImmutableSortedMultiset subMultiset(java.lang.Object, com.google.common.collect.BoundType, java.lang.Object, com.google.common.collect.BoundType)</Attribute_Ref>
					<Attribute_Ref>interface java.util.Comparator comparator()</Attribute_Ref>
					<Attribute_Ref>boolean contains(java.lang.Object)</Attribute_Ref>
					<Attribute_Ref>class com.google.common.collect.ImmutableSortedMultiset of()</Attribute_Ref>
				</Intent>
				<UpperCovers>
					<Concept_Ref>Concept_Collections_2</Concept_Ref>
					<Concept_Ref>Concept_Collections_1</Concept_Ref>
				</UpperCovers>
			</Concept>
			<Concept>
				<ID>Concept_Collections_2</ID>
				<Extent>
					<Object_Ref>HashMultiset</Object_Ref>
				</Extent>
				<Intent>
					<Attribute_Ref>interface java.util.Spliterator spliterator()</Attribute_Ref>
					<Attribute_Ref>void forEachEntry(java.util.function.ObjIntConsumer)</Attribute_Ref>
					<Attribute_Ref>boolean removeIf(java.util.function.Predicate)</Attribute_Ref>
					<Attribute_Ref>void forEach(java.util.function.Consumer)</Attribute_Ref>
					<Attribute_Ref>interface java.util.Set entrySet()</Attribute_Ref>
					<Attribute_Ref>int size()</Attribute_Ref>
					<Attribute_Ref>int remove(java.lang.Object, int)</Attribute_Ref>
					<Attribute_Ref>boolean addAll(java.util.Collection)</Attribute_Ref>
					<Attribute_Ref>boolean isEmpty()</Attribute_Ref>
					<Attribute_Ref>boolean setCount(java.lang.Object, int, int)</Attribute_Ref>
					<Attribute_Ref>void clear()</Attribute_Ref>
					<Attribute_Ref>int add(java.lang.Object, int)</Attribute_Ref>
					<Attribute_Ref>interface java.util.Iterator iterator()</Attribute_Ref>
					<Attribute_Ref>boolean retainAll(java.util.Collection)</Attribute_Ref>
					<Attribute_Ref>class com.google.common.collect.HashMultiset create(int)</Attribute_Ref>
					<Attribute_Ref>int setCount(java.lang.Object, int)</Attribute_Ref>
					<Attribute_Ref>class [Ljava.lang.Object; toArray([Ljava.lang.Object;)</Attribute_Ref>
					<Attribute_Ref>interface java.util.Set elementSet()</Attribute_Ref>
					<Attribute_Ref>class com.google.common.collect.HashMultiset create()</Attribute_Ref>
					<Attribute_Ref>interface java.util.stream.Stream parallelStream()</Attribute_Ref>
					<Attribute_Ref>boolean removeAll(java.util.Collection)</Attribute_Ref>
					<Attribute_Ref>class com.google.common.collect.HashMultiset create(java.lang.Iterable)</Attribute_Ref>
					<Attribute_Ref>boolean add(java.lang.Object)</Attribute_Ref>
					<Attribute_Ref>class [Ljava.lang.Object; toArray()</Attribute_Ref>
					<Attribute_Ref>int count(java.lang.Object)</Attribute_Ref>
					<Attribute_Ref>boolean remove(java.lang.Object)</Attribute_Ref>
					<Attribute_Ref>interface java.util.stream.Stream stream()</Attribute_Ref>
					<Attribute_Ref>boolean containsAll(java.util.Collection)</Attribute_Ref>
					<Attribute_Ref>boolean contains(java.lang.Object)</Attribute_Ref>
				</Intent>
				<UpperCovers>
					<Concept_Ref>Concept_Collections_4</Concept_Ref>
				</UpperCovers>
			</Concept>
			<Concept>
				<ID>Concept_Collections_1</ID>
				<Extent>
					<Object_Ref>ImmutableSortedMultiset</Object_Ref>
				</Extent>
				<Intent>
					<Attribute_Ref>interface java.util.Spliterator spliterator()</Attribute_Ref>
					<Attribute_Ref>void forEachEntry(java.util.function.ObjIntConsumer)</Attribute_Ref>
					<Attribute_Ref>class com.google.common.collect.ImmutableSortedMultiset copyOf(java.util.Iterator)</Attribute_Ref>
					<Attribute_Ref>interface java.util.stream.Collector toImmutableMultiset(java.util.function.Function, java.util.function.ToIntFunction)</Attribute_Ref>
					<Attribute_Ref>int size()</Attribute_Ref>
					<Attribute_Ref>class com.google.common.collect.ImmutableSortedMultiset copyOf(java.lang.Iterable)</Attribute_Ref>
					<Attribute_Ref>class com.google.common.collect.ImmutableSortedMultiset of(java.lang.Comparable, java.lang.Comparable, java.lang.Comparable, java.lang.Comparable, java.lang.Comparable, java.lang.Comparable, [Ljava.lang.Comparable;)</Attribute_Ref>
					<Attribute_Ref>class com.google.common.collect.ImmutableSet elementSet()</Attribute_Ref>
					<Attribute_Ref>class com.google.common.collect.ImmutableSortedMultiset of(java.lang.Object, java.lang.Object, java.lang.Object, java.lang.Object, java.lang.Object)</Attribute_Ref>
					<Attribute_Ref>int remove(java.lang.Object, int)</Attribute_Ref>
					<Attribute_Ref>class com.google.common.collect.ImmutableSortedMultiset$Builder reverseOrder()</Attribute_Ref>
					<Attribute_Ref>boolean addAll(java.util.Collection)</Attribute_Ref>
					<Attribute_Ref>interface com.google.common.collect.SortedMultiset subMultiset(java.lang.Object, com.google.common.collect.BoundType, java.lang.Object, com.google.common.collect.BoundType)</Attribute_Ref>
					<Attribute_Ref>interface java.util.stream.Collector toImmutableSortedMultiset(java.util.Comparator)</Attribute_Ref>
					<Attribute_Ref>class com.google.common.collect.ImmutableMultiset of(java.lang.Object)</Attribute_Ref>
					<Attribute_Ref>boolean isEmpty()</Attribute_Ref>
					<Attribute_Ref>class com.google.common.collect.ImmutableMultiset of(java.lang.Object, java.lang.Object, java.lang.Object, java.lang.Object, java.lang.Object, java.lang.Object, [Ljava.lang.Object;)</Attribute_Ref>
					<Attribute_Ref>interface java.util.SortedSet elementSet()</Attribute_Ref>
					<Attribute_Ref>class com.google.common.collect.ImmutableMultiset copyOf(java.lang.Iterable)</Attribute_Ref>
					<Attribute_Ref>boolean setCount(java.lang.Object, int, int)</Attribute_Ref>
					<Attribute_Ref>void clear()</Attribute_Ref>
					<Attribute_Ref>class com.google.common.collect.ImmutableSortedMultiset descendingMultiset()</Attribute_Ref>
					<Attribute_Ref>interface java.util.stream.Collector toImmutableMultiset()</Attribute_Ref>
					<Attribute_Ref>interface com.google.common.collect.Multiset$Entry pollLastEntry()</Attribute_Ref>
					<Attribute_Ref>interface com.google.common.collect.SortedMultiset tailMultiset(java.lang.Object, com.google.common.collect.BoundType)</Attribute_Ref>
					<Attribute_Ref>class com.google.common.collect.ImmutableMultiset of(java.lang.Object, java.lang.Object, java.lang.Object, java.lang.Object)</Attribute_Ref>
					<Attribute_Ref>class com.google.common.collect.ImmutableSortedMultiset of(java.lang.Object, java.lang.Object, java.lang.Object)</Attribute_Ref>
					<Attribute_Ref>class com.google.common.collect.ImmutableSortedMultiset of(java.lang.Object)</Attribute_Ref>
					<Attribute_Ref>interface com.google.common.collect.SortedMultiset descendingMultiset()</Attribute_Ref>
					<Attribute_Ref>interface com.google.common.collect.Multiset$Entry lastEntry()</Attribute_Ref>
					<Attribute_Ref>class com.google.common.collect.ImmutableSortedMultiset copyOf(java.util.Comparator, java.lang.Iterable)</Attribute_Ref>
					<Attribute_Ref>class com.google.common.collect.ImmutableMultiset copyOf(java.util.Iterator)</Attribute_Ref>
					<Attribute_Ref>boolean add(java.lang.Object)</Attribute_Ref>
					<Attribute_Ref>class [Ljava.lang.Object; toArray()</Attribute_Ref>
					<Attribute_Ref>class com.google.common.collect.ImmutableSortedMultiset$Builder builder()</Attribute_Ref>
					<Attribute_Ref>class com.google.common.collect.ImmutableMultiset$Builder builder()</Attribute_Ref>
					<Attribute_Ref>boolean remove(java.lang.Object)</Attribute_Ref>
					<Attribute_Ref>interface java.util.stream.Stream stream()</Attribute_Ref>
					<Attribute_Ref>boolean containsAll(java.util.Collection)</Attribute_Ref>
					<Attribute_Ref>class com.google.common.collect.ImmutableMultiset of()</Attribute_Ref>
					<Attribute_Ref>boolean removeIf(java.util.function.Predicate)</Attribute_Ref>
					<Attribute_Ref>void forEach(java.util.function.Consumer)</Attribute_Ref>
					<Attribute_Ref>interface java.util.Set entrySet()</Attribute_Ref>
					<Attribute_Ref>class com.google.common.collect.ImmutableSet entrySet()</Attribute_Ref>
					<Attribute_Ref>class com.google.common.collect.ImmutableSortedMultiset copyOf(java.util.Comparator, java.util.Iterator)</Attribute_Ref>
					<Attribute_Ref>class com.google.common.collect.ImmutableSortedMultiset of(java.lang.Comparable, java.lang.Comparable, java.lang.Comparable, java.lang.Comparable, java.lang.Comparable)</Attribute_Ref>
					<Attribute_Ref>class com.google.common.collect.ImmutableSortedMultiset copyOf([Ljava.lang.Object;)</Attribute_Ref>
					<Attribute_Ref>class com.google.common.collect.ImmutableSortedSet elementSet()</Attribute_Ref>
					<Attribute_Ref>class com.google.common.collect.ImmutableSortedMultiset$Builder orderedBy(java.util.Comparator)</Attribute_Ref>
					<Attribute_Ref>class com.google.common.collect.ImmutableSortedMultiset of(java.lang.Object, java.lang.Object)</Attribute_Ref>
					<Attribute_Ref>class com.google.common.collect.ImmutableSortedMultiset of(java.lang.Comparable, java.lang.Comparable, java.lang.Comparable, java.lang.Comparable)</Attribute_Ref>
					<Attribute_Ref>class com.google.common.collect.ImmutableSortedMultiset tailMultiset(java.lang.Object, com.google.common.collect.BoundType)</Attribute_Ref>
					<Attribute_Ref>interface java.util.NavigableSet elementSet()</Attribute_Ref>
					<Attribute_Ref>interface java.util.stream.Collector toImmutableSortedMultiset(java.util.Comparator, java.util.function.Function, java.util.function.ToIntFunction)</Attribute_Ref>
					<Attribute_Ref>interface com.google.common.collect.Multiset$Entry firstEntry()</Attribute_Ref>
					<Attribute_Ref>class com.google.common.collect.ImmutableSortedMultiset of(java.lang.Comparable)</Attribute_Ref>
					<Attribute_Ref>interface com.google.common.collect.SortedMultiset headMultiset(java.lang.Object, com.google.common.collect.BoundType)</Attribute_Ref>
					<Attribute_Ref>interface com.google.common.collect.Multiset$Entry pollFirstEntry()</Attribute_Ref>
					<Attribute_Ref>int add(java.lang.Object, int)</Attribute_Ref>
					<Attribute_Ref>interface java.util.Iterator iterator()</Attribute_Ref>
					<Attribute_Ref>class com.google.common.collect.ImmutableSortedMultiset of(java.lang.Comparable, java.lang.Comparable)</Attribute_Ref>
					<Attribute_Ref>class com.google.common.collect.ImmutableSortedMultiset of(java.lang.Comparable, java.lang.Comparable, java.lang.Comparable)</Attribute_Ref>
					<Attribute_Ref>boolean retainAll(java.util.Collection)</Attribute_Ref>
					<Attribute_Ref>class com.google.common.collect.ImmutableSortedMultiset of(java.lang.Object, java.lang.Object, java.lang.Object, java.lang.Object, java.lang.Object, java.lang.Object, [Ljava.lang.Object;)</Attribute_Ref>
					<Attribute_Ref>class com.google.common.collect.ImmutableMultiset of(java.lang.Object, java.lang.Object, java.lang.Object)</Attribute_Ref>
					<Attribute_Ref>class com.google.common.collect.ImmutableSortedMultiset$Builder naturalOrder()</Attribute_Ref>
					<Attribute_Ref>int setCount(java.lang.Object, int)</Attribute_Ref>
					<Attribute_Ref>class [Ljava.lang.Object; toArray([Ljava.lang.Object;)</Attribute_Ref>
					<Attribute_Ref>interface java.util.Set elementSet()</Attribute_Ref>
					<Attribute_Ref>class com.google.common.collect.ImmutableMultiset of(java.lang.Object, java.lang.Object)</Attribute_Ref>
					<Attribute_Ref>interface java.util.stream.Stream parallelStream()</Attribute_Ref>
					<Attribute_Ref>boolean removeAll(java.util.Collection)</Attribute_Ref>
					<Attribute_Ref>class com.google.common.collect.ImmutableSortedMultiset of(java.lang.Object, java.lang.Object, java.lang.Object, java.lang.Object)</Attribute_Ref>
					<Attribute_Ref>int count(java.lang.Object)</Attribute_Ref>
					<Attribute_Ref>class com.google.common.collect.ImmutableSortedMultiset headMultiset(java.lang.Object, com.google.common.collect.BoundType)</Attribute_Ref>
					<Attribute_Ref>class com.google.common.collect.UnmodifiableIterator iterator()</Attribute_Ref>
					<Attribute_Ref>class com.google.common.collect.ImmutableSortedMultiset copyOf([Ljava.lang.Comparable;)</Attribute_Ref>
					<Attribute_Ref>class com.google.common.collect.ImmutableSortedMultiset copyOfSorted(com.google.common.collect.SortedMultiset)</Attribute_Ref>
					<Attribute_Ref>class com.google.common.collect.ImmutableList asList()</Attribute_Ref>
					<Attribute_Ref>class com.google.common.collect.ImmutableMultiset of(java.lang.Object, java.lang.Object, java.lang.Object, java.lang.Object, java.lang.Object)</Attribute_Ref>
					<Attribute_Ref>class com.google.common.collect.ImmutableMultiset copyOf([Ljava.lang.Object;)</Attribute_Ref>
					<Attribute_Ref>class com.google.common.collect.ImmutableSortedMultiset subMultiset(java.lang.Object, com.google.common.collect.BoundType, java.lang.Object, com.google.common.collect.BoundType)</Attribute_Ref>
					<Attribute_Ref>interface java.util.Comparator comparator()</Attribute_Ref>
					<Attribute_Ref>boolean contains(java.lang.Object)</Attribute_Ref>
					<Attribute_Ref>class com.google.common.collect.ImmutableSortedMultiset of()</Attribute_Ref>
				</Intent>
				<UpperCovers>
					<Concept_Ref>Concept_Collections_3</Concept_Ref>
				</UpperCovers>
			</Concept>
		</Lattice>
	</Step >
	<Step nb="1">
		<Lattice numberObj="5" numberAtt="88" numberCpt="5" >
			<Config algo="fca">
			</Config>
			<Name>Collections</Name>
			<Object>ForwardingMultiset</Object>
			<Object>ForwardingSortedMultiset</Object>
			<Object>HashMultiset</Object>
			<Object>ImmutableSortedMultiset</Object>
			<Object>SortedMultiset</Object>
			<Attribute>int add(java.lang.Object, int)</Attribute>
			<Attribute>int remove(java.lang.Object, int)</Attribute>
			<Attribute>int count(java.lang.Object)</Attribute>
			<Attribute>interface java.util.Set entrySet()</Attribute>
			<Attribute>interface java.util.Set elementSet()</Attribute>
			<Attribute>boolean setCount(java.lang.Object, int, int)</Attribute>
			<Attribute>int setCount(java.lang.Object, int)</Attribute>
			<Attribute>boolean add(java.lang.Object)</Attribute>
			<Attribute>boolean remove(java.lang.Object)</Attribute>
			<Attribute>void clear()</Attribute>
			<Attribute>boolean contains(java.lang.Object)</Attribute>
			<Attribute>boolean isEmpty()</Attribute>
			<Attribute>interface java.util.Iterator iterator()</Attribute>
			<Attribute>int size()</Attribute>
			<Attribute>class [Ljava.lang.Object; toArray([Ljava.lang.Object;)</Attribute>
			<Attribute>class [Ljava.lang.Object; toArray()</Attribute>
			<Attribute>boolean addAll(java.util.Collection)</Attribute>
			<Attribute>boolean containsAll(java.util.Collection)</Attribute>
			<Attribute>boolean removeAll(java.util.Collection)</Attribute>
			<Attribute>boolean retainAll(java.util.Collection)</Attribute>
			<Attribute>interface java.util.stream.Stream stream()</Attribute>
			<Attribute>boolean removeIf(java.util.function.Predicate)</Attribute>
			<Attribute>interface java.util.stream.Stream parallelStream()</Attribute>
			<Attribute>interface java.util.Spliterator spliterator()</Attribute>
			<Attribute>void forEach(java.util.function.Consumer)</Attribute>
			<Attribute>void forEachEntry(java.util.function.ObjIntConsumer)</Attribute>
			<Attribute>interface com.google.common.collect.SortedMultiset descendingMultiset()</Attribute>
			<Attribute>interface java.util.SortedSet elementSet()</Attribute>
			<Attribute>interface java.util.NavigableSet elementSet()</Attribute>
			<Attribute>interface com.google.common.collect.Multiset$Entry lastEntry()</Attribute>
			<Attribute>interface com.google.common.collect.Multiset$Entry pollLastEntry()</Attribute>
			<Attribute>interface java.util.Comparator comparator()</Attribute>
			<Attribute>interface com.google.common.collect.SortedMultiset tailMultiset(java.lang.Object, com.google.common.collect.BoundType)</Attribute>
			<Attribute>interface com.google.common.collect.SortedMultiset headMultiset(java.lang.Object, com.google.common.collect.BoundType)</Attribute>
			<Attribute>interface com.google.common.collect.Multiset$Entry pollFirstEntry()</Attribute>
			<Attribute>interface com.google.common.collect.Multiset$Entry firstEntry()</Attribute>
			<Attribute>interface com.google.common.collect.SortedMultiset subMultiset(java.lang.Object, com.google.common.collect.BoundType, java.lang.Object, com.google.common.collect.BoundType)</Attribute>
			<Attribute>class com.google.common.collect.HashMultiset create(int)</Attribute>
			<Attribute>class com.google.common.collect.HashMultiset create(java.lang.Iterable)</Attribute>
			<Attribute>class com.google.common.collect.HashMultiset create()</Attribute>
			<Attribute>class com.google.common.collect.ImmutableSortedMultiset copyOf(java.util.Comparator, java.lang.Iterable)</Attribute>
			<Attribute>class com.google.common.collect.ImmutableSortedMultiset copyOf([Ljava.lang.Comparable;)</Attribute>
			<Attribute>class com.google.common.collect.ImmutableSortedMultiset copyOf(java.lang.Iterable)</Attribute>
			<Attribute>class com.google.common.collect.ImmutableSortedMultiset copyOf(java.util.Comparator, java.util.Iterator)</Attribute>
			<Attribute>class com.google.common.collect.ImmutableSortedMultiset copyOf(java.util.Iterator)</Attribute>
			<Attribute>class com.google.common.collect.ImmutableSortedMultiset of(java.lang.Comparable)</Attribute>
			<Attribute>class com.google.common.collect.ImmutableSortedMultiset of()</Attribute>
			<Attribute>class com.google.common.collect.ImmutableSortedMultiset of(java.lang.Comparable, java.lang.Comparable, java.lang.Comparable, java.lang.Comparable, java.lang.Comparable)</Attribute>
			<Attribute>class com.google.common.collect.ImmutableSortedMultiset of(java.lang.Comparable, java.lang.Comparable, java.lang.Comparable, java.lang.Comparable)</Attribute>
			<Attribute>class com.google.common.collect.ImmutableSortedMultiset of(java.lang.Comparable, java.lang.Comparable, java.lang.Comparable)</Attribute>
			<Attribute>class com.google.common.collect.ImmutableSortedMultiset of(java.lang.Comparable, java.lang.Comparable)</Attribute>
			<Attribute>class com.google.common.collect.ImmutableSortedMultiset of(java.lang.Comparable, java.lang.Comparable, java.lang.Comparable, java.lang.Comparable, java.lang.Comparable, java.lang.Comparable, [Ljava.lang.Comparable;)</Attribute>
			<Attribute>class com.google.common.collect.ImmutableSortedMultiset$Builder naturalOrder()</Attribute>
			<Attribute>class com.google.common.collect.ImmutableSortedMultiset$Builder reverseOrder()</Attribute>
			<Attribute>interface java.util.stream.Collector toImmutableSortedMultiset(java.util.Comparator, java.util.function.Function, java.util.function.ToIntFunction)</Attribute>
			<Attribute>interface java.util.stream.Collector toImmutableSortedMultiset(java.util.Comparator)</Attribute>
			<Attribute>class com.google.common.collect.ImmutableSortedMultiset descendingMultiset()</Attribute>
			<Attribute>class com.google.common.collect.ImmutableSet elementSet()</Attribute>
			<Attribute>class com.google.common.collect.ImmutableSortedSet elementSet()</Attribute>
			<Attribute>class com.google.common.collect.ImmutableSortedMultiset tailMultiset(java.lang.Object, com.google.common.collect.BoundType)</Attribute>
			<Attribute>class com.google.common.collect.ImmutableSortedMultiset headMultiset(java.lang.Object, com.google.common.collect.BoundType)</Attribute>
			<Attribute>class com.google.common.collect.ImmutableSortedMultiset subMultiset(java.lang.Object, com.google.common.collect.BoundType, java.lang.Object, com.google.common.collect.BoundType)</Attribute>
			<Attribute>class com.google.common.collect.ImmutableSortedMultiset$Builder orderedBy(java.util.Comparator)</Attribute>
			<Attribute>class com.google.common.collect.ImmutableSortedMultiset copyOfSorted(com.google.common.collect.SortedMultiset)</Attribute>
			<Attribute>class com.google.common.collect.ImmutableSortedMultiset copyOf([Ljava.lang.Object;)</Attribute>
			<Attribute>class com.google.common.collect.ImmutableSortedMultiset of(java.lang.Object, java.lang.Object)</Attribute>
			<Attribute>class com.google.common.collect.ImmutableSortedMultiset of(java.lang.Object, java.lang.Object, java.lang.Object, java.lang.Object)</Attribute>
			<Attribute>class com.google.common.collect.ImmutableSortedMultiset of(java.lang.Object, java.lang.Object, java.lang.Object, java.lang.Object, java.lang.Object)</Attribute>
			<Attribute>class com.google.common.collect.ImmutableSortedMultiset of(java.lang.Object, java.lang.Object, java.lang.Object, java.lang.Object, java.lang.Object, java.lang.Object, [Ljava.lang.Object;)</Attribute>
			<Attribute>class com.google.common.collect.ImmutableSortedMultiset of(java.lang.Object, java.lang.Object, java.lang.Object)</Attribute>
			<Attribute>class com.google.common.collect.ImmutableSortedMultiset of(java.lang.Object)</Attribute>
			<Attribute>interface java.util.stream.Collector toImmutableMultiset(java.util.function.Function, java.util.function.ToIntFunction)</Attribute>
			<Attribute>interface java.util.stream.Collector toImmutableMultiset()</Attribute>
			<Attribute>class com.google.common.collect.ImmutableSortedMultiset$Builder builder()</Attribute>
			<Attribute>class com.google.common.collect.ImmutableMultiset copyOf([Ljava.lang.Object;)</Attribute>
			<Attribute>class com.google.common.collect.ImmutableMultiset copyOf(java.lang.Iterable)</Attribute>
			<Attribute>class com.google.common.collect.ImmutableMultiset copyOf(java.util.Iterator)</Attribute>
			<Attribute>class com.google.common.collect.UnmodifiableIterator iterator()</Attribute>
			<Attribute>class com.google.common.collect.ImmutableSet entrySet()</Attribute>
			<Attribute>class com.google.common.collect.ImmutableList asList()</Attribute>
			<Attribute>class com.google.common.collect.ImmutableMultiset of(java.lang.Object, java.lang.Object, java.lang.Object, java.lang.Object)</Attribute>
			<Attribute>class com.google.common.collect.ImmutableMultiset of()</Attribute>
			<Attribute>class com.google.common.collect.ImmutableMultiset of(java.lang.Object)</Attribute>
			<Attribute>class com.google.common.collect.ImmutableMultiset of(java.lang.Object, java.lang.Object, java.lang.Object)</Attribute>
			<Attribute>class com.google.common.collect.ImmutableMultiset of(java.lang.Object, java.lang.Object, java.lang.Object, java.lang.Object, java.lang.Object, java.lang.Object, [Ljava.lang.Object;)</Attribute>
			<Attribute>class com.google.common.collect.ImmutableMultiset of(java.lang.Object, java.lang.Object)</Attribute>
			<Attribute>class com.google.common.collect.ImmutableMultiset of(java.lang.Object, java.lang.Object, java.lang.Object, java.lang.Object, java.lang.Object)</Attribute>
			<Attribute>class com.google.common.collect.ImmutableMultiset$Builder builder()</Attribute>
			<Concept>
				<ID>Concept_Collections_4</ID>
				<Extent>
					<Object_Ref>ForwardingMultiset</Object_Ref>
					<Object_Ref>ForwardingSortedMultiset</Object_Ref>
					<Object_Ref>HashMultiset</Object_Ref>
					<Object_Ref>ImmutableSortedMultiset</Object_Ref>
					<Object_Ref>SortedMultiset</Object_Ref>
				</Extent>
				<Intent>
					<Attribute_Ref>interface java.util.Spliterator spliterator()</Attribute_Ref>
					<Attribute_Ref>void forEachEntry(java.util.function.ObjIntConsumer)</Attribute_Ref>
					<Attribute_Ref>boolean removeIf(java.util.function.Predicate)</Attribute_Ref>
					<Attribute_Ref>void forEach(java.util.function.Consumer)</Attribute_Ref>
					<Attribute_Ref>interface java.util.Set entrySet()</Attribute_Ref>
					<Attribute_Ref>int size()</Attribute_Ref>
					<Attribute_Ref>int remove(java.lang.Object, int)</Attribute_Ref>
					<Attribute_Ref>boolean addAll(java.util.Collection)</Attribute_Ref>
					<Attribute_Ref>boolean isEmpty()</Attribute_Ref>
					<Attribute_Ref>boolean setCount(java.lang.Object, int, int)</Attribute_Ref>
					<Attribute_Ref>void clear()</Attribute_Ref>
					<Attribute_Ref>int add(java.lang.Object, int)</Attribute_Ref>
					<Attribute_Ref>interface java.util.Iterator iterator()</Attribute_Ref>
					<Attribute_Ref>boolean retainAll(java.util.Collection)</Attribute_Ref>
					<Attribute_Ref>int setCount(java.lang.Object, int)</Attribute_Ref>
					<Attribute_Ref>class [Ljava.lang.Object; toArray([Ljava.lang.Object;)</Attribute_Ref>
					<Attribute_Ref>interface java.util.Set elementSet()</Attribute_Ref>
					<Attribute_Ref>interface java.util.stream.Stream parallelStream()</Attribute_Ref>
					<Attribute_Ref>boolean removeAll(java.util.Collection)</Attribute_Ref>
					<Attribute_Ref>boolean add(java.lang.Object)</Attribute_Ref>
					<Attribute_Ref>class [Ljava.lang.Object; toArray()</Attribute_Ref>
					<Attribute_Ref>int count(java.lang.Object)</Attribute_Ref>
					<Attribute_Ref>boolean remove(java.lang.Object)</Attribute_Ref>
					<Attribute_Ref>interface java.util.stream.Stream stream()</Attribute_Ref>
					<Attribute_Ref>boolean containsAll(java.util.Collection)</Attribute_Ref>
					<Attribute_Ref>boolean contains(java.lang.Object)</Attribute_Ref>
				</Intent>
				<UpperCovers>
				</UpperCovers>
			</Concept>
			<Concept>
				<ID>Concept_Collections_3</ID>
				<Extent>
					<Object_Ref>ForwardingSortedMultiset</Object_Ref>
					<Object_Ref>ImmutableSortedMultiset</Object_Ref>
					<Object_Ref>SortedMultiset</Object_Ref>
				</Extent>
				<Intent>
					<Attribute_Ref>interface java.util.Spliterator spliterator()</Attribute_Ref>
					<Attribute_Ref>void forEachEntry(java.util.function.ObjIntConsumer)</Attribute_Ref>
					<Attribute_Ref>boolean removeIf(java.util.function.Predicate)</Attribute_Ref>
					<Attribute_Ref>void forEach(java.util.function.Consumer)</Attribute_Ref>
					<Attribute_Ref>interface java.util.Set entrySet()</Attribute_Ref>
					<Attribute_Ref>int size()</Attribute_Ref>
					<Attribute_Ref>int remove(java.lang.Object, int)</Attribute_Ref>
					<Attribute_Ref>boolean addAll(java.util.Collection)</Attribute_Ref>
					<Attribute_Ref>interface com.google.common.collect.SortedMultiset subMultiset(java.lang.Object, com.google.common.collect.BoundType, java.lang.Object, com.google.common.collect.BoundType)</Attribute_Ref>
					<Attribute_Ref>boolean isEmpty()</Attribute_Ref>
					<Attribute_Ref>interface java.util.NavigableSet elementSet()</Attribute_Ref>
					<Attribute_Ref>interface java.util.SortedSet elementSet()</Attribute_Ref>
					<Attribute_Ref>boolean setCount(java.lang.Object, int, int)</Attribute_Ref>
					<Attribute_Ref>void clear()</Attribute_Ref>
					<Attribute_Ref>interface com.google.common.collect.Multiset$Entry firstEntry()</Attribute_Ref>
					<Attribute_Ref>interface com.google.common.collect.SortedMultiset headMultiset(java.lang.Object, com.google.common.collect.BoundType)</Attribute_Ref>
					<Attribute_Ref>interface com.google.common.collect.Multiset$Entry pollFirstEntry()</Attribute_Ref>
					<Attribute_Ref>int add(java.lang.Object, int)</Attribute_Ref>
					<Attribute_Ref>interface java.util.Iterator iterator()</Attribute_Ref>
					<Attribute_Ref>boolean retainAll(java.util.Collection)</Attribute_Ref>
					<Attribute_Ref>interface com.google.common.collect.Multiset$Entry pollLastEntry()</Attribute_Ref>
					<Attribute_Ref>interface com.google.common.collect.SortedMultiset tailMultiset(java.lang.Object, com.google.common.collect.BoundType)</Attribute_Ref>
					<Attribute_Ref>int setCount(java.lang.Object, int)</Attribute_Ref>
					<Attribute_Ref>class [Ljava.lang.Object; toArray([Ljava.lang.Object;)</Attribute_Ref>
					<Attribute_Ref>interface java.util.Set elementSet()</Attribute_Ref>
					<Attribute_Ref>interface com.google.common.collect.SortedMultiset descendingMultiset()</Attribute_Ref>
					<Attribute_Ref>interface com.google.common.collect.Multiset$Entry lastEntry()</Attribute_Ref>
					<Attribute_Ref>interface java.util.stream.Stream parallelStream()</Attribute_Ref>
					<Attribute_Ref>boolean removeAll(java.util.Collection)</Attribute_Ref>
					<Attribute_Ref>boolean add(java.lang.Object)</Attribute_Ref>
					<Attribute_Ref>class [Ljava.lang.Object; toArray()</Attribute_Ref>
					<Attribute_Ref>int count(java.lang.Object)</Attribute_Ref>
					<Attribute_Ref>boolean remove(java.lang.Object)</Attribute_Ref>
					<Attribute_Ref>interface java.util.stream.Stream stream()</Attribute_Ref>
					<Attribute_Ref>boolean containsAll(java.util.Collection)</Attribute_Ref>
					<Attribute_Ref>interface java.util.Comparator comparator()</Attribute_Ref>
					<Attribute_Ref>boolean contains(java.lang.Object)</Attribute_Ref>
				</Intent>
				<UpperCovers>
					<Concept_Ref>Concept_Collections_4</Concept_Ref>
				</UpperCovers>
			</Concept>
			<Concept>
				<ID>Concept_Collections_0</ID>
				<Extent>
				</Extent>
				<Intent>
					<Attribute_Ref>interface java.util.Spliterator spliterator()</Attribute_Ref>
					<Attribute_Ref>void forEachEntry(java.util.function.ObjIntConsumer)</Attribute_Ref>
					<Attribute_Ref>class com.google.common.collect.ImmutableSortedMultiset copyOf(java.util.Iterator)</Attribute_Ref>
					<Attribute_Ref>interface java.util.stream.Collector toImmutableMultiset(java.util.function.Function, java.util.function.ToIntFunction)</Attribute_Ref>
					<Attribute_Ref>int size()</Attribute_Ref>
					<Attribute_Ref>class com.google.common.collect.ImmutableSortedMultiset copyOf(java.lang.Iterable)</Attribute_Ref>
					<Attribute_Ref>class com.google.common.collect.ImmutableSortedMultiset of(java.lang.Comparable, java.lang.Comparable, java.lang.Comparable, java.lang.Comparable, java.lang.Comparable, java.lang.Comparable, [Ljava.lang.Comparable;)</Attribute_Ref>
					<Attribute_Ref>class com.google.common.collect.ImmutableSet elementSet()</Attribute_Ref>
					<Attribute_Ref>class com.google.common.collect.ImmutableSortedMultiset of(java.lang.Object, java.lang.Object, java.lang.Object, java.lang.Object, java.lang.Object)</Attribute_Ref>
					<Attribute_Ref>int remove(java.lang.Object, int)</Attribute_Ref>
					<Attribute_Ref>class com.google.common.collect.ImmutableSortedMultiset$Builder reverseOrder()</Attribute_Ref>
					<Attribute_Ref>boolean addAll(java.util.Collection)</Attribute_Ref>
					<Attribute_Ref>interface com.google.common.collect.SortedMultiset subMultiset(java.lang.Object, com.google.common.collect.BoundType, java.lang.Object, com.google.common.collect.BoundType)</Attribute_Ref>
					<Attribute_Ref>interface java.util.stream.Collector toImmutableSortedMultiset(java.util.Comparator)</Attribute_Ref>
					<Attribute_Ref>class com.google.common.collect.ImmutableMultiset of(java.lang.Object)</Attribute_Ref>
					<Attribute_Ref>boolean isEmpty()</Attribute_Ref>
					<Attribute_Ref>class com.google.common.collect.ImmutableMultiset of(java.lang.Object, java.lang.Object, java.lang.Object, java.lang.Object, java.lang.Object, java.lang.Object, [Ljava.lang.Object;)</Attribute_Ref>
					<Attribute_Ref>interface java.util.SortedSet elementSet()</Attribute_Ref>
					<Attribute_Ref>class com.google.common.collect.ImmutableMultiset copyOf(java.lang.Iterable)</Attribute_Ref>
					<Attribute_Ref>boolean setCount(java.lang.Object, int, int)</Attribute_Ref>
					<Attribute_Ref>void clear()</Attribute_Ref>
					<Attribute_Ref>class com.google.common.collect.ImmutableSortedMultiset descendingMultiset()</Attribute_Ref>
					<Attribute_Ref>interface java.util.stream.Collector toImmutableMultiset()</Attribute_Ref>
					<Attribute_Ref>interface com.google.common.collect.Multiset$Entry pollLastEntry()</Attribute_Ref>
					<Attribute_Ref>interface com.google.common.collect.SortedMultiset tailMultiset(java.lang.Object, com.google.common.collect.BoundType)</Attribute_Ref>
					<Attribute_Ref>class com.google.common.collect.ImmutableMultiset of(java.lang.Object, java.lang.Object, java.lang.Object, java.lang.Object)</Attribute_Ref>
					<Attribute_Ref>class com.google.common.collect.ImmutableSortedMultiset of(java.lang.Object, java.lang.Object, java.lang.Object)</Attribute_Ref>
					<Attribute_Ref>class com.google.common.collect.ImmutableSortedMultiset of(java.lang.Object)</Attribute_Ref>
					<Attribute_Ref>interface com.google.common.collect.SortedMultiset descendingMultiset()</Attribute_Ref>
					<Attribute_Ref>interface com.google.common.collect.Multiset$Entry lastEntry()</Attribute_Ref>
					<Attribute_Ref>class com.google.common.collect.ImmutableSortedMultiset copyOf(java.util.Comparator, java.lang.Iterable)</Attribute_Ref>
					<Attribute_Ref>class com.google.common.collect.ImmutableMultiset copyOf(java.util.Iterator)</Attribute_Ref>
					<Attribute_Ref>boolean add(java.lang.Object)</Attribute_Ref>
					<Attribute_Ref>class [Ljava.lang.Object; toArray()</Attribute_Ref>
					<Attribute_Ref>class com.google.common.collect.ImmutableSortedMultiset$Builder builder()</Attribute_Ref>
					<Attribute_Ref>class com.google.common.collect.ImmutableMultiset$Builder builder()</Attribute_Ref>
					<Attribute_Ref>boolean remove(java.lang.Object)</Attribute_Ref>
					<Attribute_Ref>interface java.util.stream.Stream stream()</Attribute_Ref>
					<Attribute_Ref>boolean containsAll(java.util.Collection)</Attribute_Ref>
					<Attribute_Ref>class com.google.common.collect.ImmutableMultiset of()</Attribute_Ref>
					<Attribute_Ref>boolean removeIf(java.util.function.Predicate)</Attribute_Ref>
					<Attribute_Ref>void forEach(java.util.function.Consumer)</Attribute_Ref>
					<Attribute_Ref>interface java.util.Set entrySet()</Attribute_Ref>
					<Attribute_Ref>class com.google.common.collect.ImmutableSet entrySet()</Attribute_Ref>
					<Attribute_Ref>class com.google.common.collect.ImmutableSortedMultiset copyOf(java.util.Comparator, java.util.Iterator)</Attribute_Ref>
					<Attribute_Ref>class com.google.common.collect.ImmutableSortedMultiset of(java.lang.Comparable, java.lang.Comparable, java.lang.Comparable, java.lang.Comparable, java.lang.Comparable)</Attribute_Ref>
					<Attribute_Ref>class com.google.common.collect.ImmutableSortedMultiset copyOf([Ljava.lang.Object;)</Attribute_Ref>
					<Attribute_Ref>class com.google.common.collect.ImmutableSortedSet elementSet()</Attribute_Ref>
					<Attribute_Ref>class com.google.common.collect.ImmutableSortedMultiset$Builder orderedBy(java.util.Comparator)</Attribute_Ref>
					<Attribute_Ref>class com.google.common.collect.ImmutableSortedMultiset of(java.lang.Object, java.lang.Object)</Attribute_Ref>
					<Attribute_Ref>class com.google.common.collect.ImmutableSortedMultiset of(java.lang.Comparable, java.lang.Comparable, java.lang.Comparable, java.lang.Comparable)</Attribute_Ref>
					<Attribute_Ref>class com.google.common.collect.ImmutableSortedMultiset tailMultiset(java.lang.Object, com.google.common.collect.BoundType)</Attribute_Ref>
					<Attribute_Ref>interface java.util.NavigableSet elementSet()</Attribute_Ref>
					<Attribute_Ref>interface java.util.stream.Collector toImmutableSortedMultiset(java.util.Comparator, java.util.function.Function, java.util.function.ToIntFunction)</Attribute_Ref>
					<Attribute_Ref>interface com.google.common.collect.Multiset$Entry firstEntry()</Attribute_Ref>
					<Attribute_Ref>class com.google.common.collect.ImmutableSortedMultiset of(java.lang.Comparable)</Attribute_Ref>
					<Attribute_Ref>interface com.google.common.collect.SortedMultiset headMultiset(java.lang.Object, com.google.common.collect.BoundType)</Attribute_Ref>
					<Attribute_Ref>interface com.google.common.collect.Multiset$Entry pollFirstEntry()</Attribute_Ref>
					<Attribute_Ref>int add(java.lang.Object, int)</Attribute_Ref>
					<Attribute_Ref>interface java.util.Iterator iterator()</Attribute_Ref>
					<Attribute_Ref>class com.google.common.collect.ImmutableSortedMultiset of(java.lang.Comparable, java.lang.Comparable)</Attribute_Ref>
					<Attribute_Ref>class com.google.common.collect.ImmutableSortedMultiset of(java.lang.Comparable, java.lang.Comparable, java.lang.Comparable)</Attribute_Ref>
					<Attribute_Ref>boolean retainAll(java.util.Collection)</Attribute_Ref>
					<Attribute_Ref>class com.google.common.collect.HashMultiset create(int)</Attribute_Ref>
					<Attribute_Ref>class com.google.common.collect.ImmutableSortedMultiset of(java.lang.Object, java.lang.Object, java.lang.Object, java.lang.Object, java.lang.Object, java.lang.Object, [Ljava.lang.Object;)</Attribute_Ref>
					<Attribute_Ref>class com.google.common.collect.ImmutableMultiset of(java.lang.Object, java.lang.Object, java.lang.Object)</Attribute_Ref>
					<Attribute_Ref>class com.google.common.collect.ImmutableSortedMultiset$Builder naturalOrder()</Attribute_Ref>
					<Attribute_Ref>int setCount(java.lang.Object, int)</Attribute_Ref>
					<Attribute_Ref>class [Ljava.lang.Object; toArray([Ljava.lang.Object;)</Attribute_Ref>
					<Attribute_Ref>interface java.util.Set elementSet()</Attribute_Ref>
					<Attribute_Ref>class com.google.common.collect.HashMultiset create()</Attribute_Ref>
					<Attribute_Ref>class com.google.common.collect.ImmutableMultiset of(java.lang.Object, java.lang.Object)</Attribute_Ref>
					<Attribute_Ref>interface java.util.stream.Stream parallelStream()</Attribute_Ref>
					<Attribute_Ref>boolean removeAll(java.util.Collection)</Attribute_Ref>
					<Attribute_Ref>class com.google.common.collect.HashMultiset create(java.lang.Iterable)</Attribute_Ref>
					<Attribute_Ref>class com.google.common.collect.ImmutableSortedMultiset of(java.lang.Object, java.lang.Object, java.lang.Object, java.lang.Object)</Attribute_Ref>
					<Attribute_Ref>int count(java.lang.Object)</Attribute_Ref>
					<Attribute_Ref>class com.google.common.collect.ImmutableSortedMultiset headMultiset(java.lang.Object, com.google.common.collect.BoundType)</Attribute_Ref>
					<Attribute_Ref>class com.google.common.collect.UnmodifiableIterator iterator()</Attribute_Ref>
					<Attribute_Ref>class com.google.common.collect.ImmutableSortedMultiset copyOf([Ljava.lang.Comparable;)</Attribute_Ref>
					<Attribute_Ref>class com.google.common.collect.ImmutableSortedMultiset copyOfSorted(com.google.common.collect.SortedMultiset)</Attribute_Ref>
					<Attribute_Ref>class com.google.common.collect.ImmutableList asList()</Attribute_Ref>
					<Attribute_Ref>class com.google.common.collect.ImmutableMultiset of(java.lang.Object, java.lang.Object, java.lang.Object, java.lang.Object, java.lang.Object)</Attribute_Ref>
					<Attribute_Ref>class com.google.common.collect.ImmutableMultiset copyOf([Ljava.lang.Object;)</Attribute_Ref>
					<Attribute_Ref>class com.google.common.collect.ImmutableSortedMultiset subMultiset(java.lang.Object, com.google.common.collect.BoundType, java.lang.Object, com.google.common.collect.BoundType)</Attribute_Ref>
					<Attribute_Ref>interface java.util.Comparator comparator()</Attribute_Ref>
					<Attribute_Ref>boolean contains(java.lang.Object)</Attribute_Ref>
					<Attribute_Ref>class com.google.common.collect.ImmutableSortedMultiset of()</Attribute_Ref>
				</Intent>
				<UpperCovers>
					<Concept_Ref>Concept_Collections_2</Concept_Ref>
					<Concept_Ref>Concept_Collections_1</Concept_Ref>
				</UpperCovers>
			</Concept>
			<Concept>
				<ID>Concept_Collections_2</ID>
				<Extent>
					<Object_Ref>HashMultiset</Object_Ref>
				</Extent>
				<Intent>
					<Attribute_Ref>interface java.util.Spliterator spliterator()</Attribute_Ref>
					<Attribute_Ref>void forEachEntry(java.util.function.ObjIntConsumer)</Attribute_Ref>
					<Attribute_Ref>boolean removeIf(java.util.function.Predicate)</Attribute_Ref>
					<Attribute_Ref>void forEach(java.util.function.Consumer)</Attribute_Ref>
					<Attribute_Ref>interface java.util.Set entrySet()</Attribute_Ref>
					<Attribute_Ref>int size()</Attribute_Ref>
					<Attribute_Ref>int remove(java.lang.Object, int)</Attribute_Ref>
					<Attribute_Ref>boolean addAll(java.util.Collection)</Attribute_Ref>
					<Attribute_Ref>boolean isEmpty()</Attribute_Ref>
					<Attribute_Ref>boolean setCount(java.lang.Object, int, int)</Attribute_Ref>
					<Attribute_Ref>void clear()</Attribute_Ref>
					<Attribute_Ref>int add(java.lang.Object, int)</Attribute_Ref>
					<Attribute_Ref>interface java.util.Iterator iterator()</Attribute_Ref>
					<Attribute_Ref>boolean retainAll(java.util.Collection)</Attribute_Ref>
					<Attribute_Ref>class com.google.common.collect.HashMultiset create(int)</Attribute_Ref>
					<Attribute_Ref>int setCount(java.lang.Object, int)</Attribute_Ref>
					<Attribute_Ref>class [Ljava.lang.Object; toArray([Ljava.lang.Object;)</Attribute_Ref>
					<Attribute_Ref>interface java.util.Set elementSet()</Attribute_Ref>
					<Attribute_Ref>class com.google.common.collect.HashMultiset create()</Attribute_Ref>
					<Attribute_Ref>interface java.util.stream.Stream parallelStream()</Attribute_Ref>
					<Attribute_Ref>boolean removeAll(java.util.Collection)</Attribute_Ref>
					<Attribute_Ref>class com.google.common.collect.HashMultiset create(java.lang.Iterable)</Attribute_Ref>
					<Attribute_Ref>boolean add(java.lang.Object)</Attribute_Ref>
					<Attribute_Ref>class [Ljava.lang.Object; toArray()</Attribute_Ref>
					<Attribute_Ref>int count(java.lang.Object)</Attribute_Ref>
					<Attribute_Ref>boolean remove(java.lang.Object)</Attribute_Ref>
					<Attribute_Ref>interface java.util.stream.Stream stream()</Attribute_Ref>
					<Attribute_Ref>boolean containsAll(java.util.Collection)</Attribute_Ref>
					<Attribute_Ref>boolean contains(java.lang.Object)</Attribute_Ref>
				</Intent>
				<UpperCovers>
					<Concept_Ref>Concept_Collections_4</Concept_Ref>
				</UpperCovers>
			</Concept>
			<Concept>
				<ID>Concept_Collections_1</ID>
				<Extent>
					<Object_Ref>ImmutableSortedMultiset</Object_Ref>
				</Extent>
				<Intent>
					<Attribute_Ref>interface java.util.Spliterator spliterator()</Attribute_Ref>
					<Attribute_Ref>void forEachEntry(java.util.function.ObjIntConsumer)</Attribute_Ref>
					<Attribute_Ref>class com.google.common.collect.ImmutableSortedMultiset copyOf(java.util.Iterator)</Attribute_Ref>
					<Attribute_Ref>interface java.util.stream.Collector toImmutableMultiset(java.util.function.Function, java.util.function.ToIntFunction)</Attribute_Ref>
					<Attribute_Ref>int size()</Attribute_Ref>
					<Attribute_Ref>class com.google.common.collect.ImmutableSortedMultiset copyOf(java.lang.Iterable)</Attribute_Ref>
					<Attribute_Ref>class com.google.common.collect.ImmutableSortedMultiset of(java.lang.Comparable, java.lang.Comparable, java.lang.Comparable, java.lang.Comparable, java.lang.Comparable, java.lang.Comparable, [Ljava.lang.Comparable;)</Attribute_Ref>
					<Attribute_Ref>class com.google.common.collect.ImmutableSet elementSet()</Attribute_Ref>
					<Attribute_Ref>class com.google.common.collect.ImmutableSortedMultiset of(java.lang.Object, java.lang.Object, java.lang.Object, java.lang.Object, java.lang.Object)</Attribute_Ref>
					<Attribute_Ref>int remove(java.lang.Object, int)</Attribute_Ref>
					<Attribute_Ref>class com.google.common.collect.ImmutableSortedMultiset$Builder reverseOrder()</Attribute_Ref>
					<Attribute_Ref>boolean addAll(java.util.Collection)</Attribute_Ref>
					<Attribute_Ref>interface com.google.common.collect.SortedMultiset subMultiset(java.lang.Object, com.google.common.collect.BoundType, java.lang.Object, com.google.common.collect.BoundType)</Attribute_Ref>
					<Attribute_Ref>interface java.util.stream.Collector toImmutableSortedMultiset(java.util.Comparator)</Attribute_Ref>
					<Attribute_Ref>class com.google.common.collect.ImmutableMultiset of(java.lang.Object)</Attribute_Ref>
					<Attribute_Ref>boolean isEmpty()</Attribute_Ref>
					<Attribute_Ref>class com.google.common.collect.ImmutableMultiset of(java.lang.Object, java.lang.Object, java.lang.Object, java.lang.Object, java.lang.Object, java.lang.Object, [Ljava.lang.Object;)</Attribute_Ref>
					<Attribute_Ref>interface java.util.SortedSet elementSet()</Attribute_Ref>
					<Attribute_Ref>class com.google.common.collect.ImmutableMultiset copyOf(java.lang.Iterable)</Attribute_Ref>
					<Attribute_Ref>boolean setCount(java.lang.Object, int, int)</Attribute_Ref>
					<Attribute_Ref>void clear()</Attribute_Ref>
					<Attribute_Ref>class com.google.common.collect.ImmutableSortedMultiset descendingMultiset()</Attribute_Ref>
					<Attribute_Ref>interface java.util.stream.Collector toImmutableMultiset()</Attribute_Ref>
					<Attribute_Ref>interface com.google.common.collect.Multiset$Entry pollLastEntry()</Attribute_Ref>
					<Attribute_Ref>interface com.google.common.collect.SortedMultiset tailMultiset(java.lang.Object, com.google.common.collect.BoundType)</Attribute_Ref>
					<Attribute_Ref>class com.google.common.collect.ImmutableMultiset of(java.lang.Object, java.lang.Object, java.lang.Object, java.lang.Object)</Attribute_Ref>
					<Attribute_Ref>class com.google.common.collect.ImmutableSortedMultiset of(java.lang.Object, java.lang.Object, java.lang.Object)</Attribute_Ref>
					<Attribute_Ref>class com.google.common.collect.ImmutableSortedMultiset of(java.lang.Object)</Attribute_Ref>
					<Attribute_Ref>interface com.google.common.collect.SortedMultiset descendingMultiset()</Attribute_Ref>
					<Attribute_Ref>interface com.google.common.collect.Multiset$Entry lastEntry()</Attribute_Ref>
					<Attribute_Ref>class com.google.common.collect.ImmutableSortedMultiset copyOf(java.util.Comparator, java.lang.Iterable)</Attribute_Ref>
					<Attribute_Ref>class com.google.common.collect.ImmutableMultiset copyOf(java.util.Iterator)</Attribute_Ref>
					<Attribute_Ref>boolean add(java.lang.Object)</Attribute_Ref>
					<Attribute_Ref>class [Ljava.lang.Object; toArray()</Attribute_Ref>
					<Attribute_Ref>class com.google.common.collect.ImmutableSortedMultiset$Builder builder()</Attribute_Ref>
					<Attribute_Ref>class com.google.common.collect.ImmutableMultiset$Builder builder()</Attribute_Ref>
					<Attribute_Ref>boolean remove(java.lang.Object)</Attribute_Ref>
					<Attribute_Ref>interface java.util.stream.Stream stream()</Attribute_Ref>
					<Attribute_Ref>boolean containsAll(java.util.Collection)</Attribute_Ref>
					<Attribute_Ref>class com.google.common.collect.ImmutableMultiset of()</Attribute_Ref>
					<Attribute_Ref>boolean removeIf(java.util.function.Predicate)</Attribute_Ref>
					<Attribute_Ref>void forEach(java.util.function.Consumer)</Attribute_Ref>
					<Attribute_Ref>interface java.util.Set entrySet()</Attribute_Ref>
					<Attribute_Ref>class com.google.common.collect.ImmutableSet entrySet()</Attribute_Ref>
					<Attribute_Ref>class com.google.common.collect.ImmutableSortedMultiset copyOf(java.util.Comparator, java.util.Iterator)</Attribute_Ref>
					<Attribute_Ref>class com.google.common.collect.ImmutableSortedMultiset of(java.lang.Comparable, java.lang.Comparable, java.lang.Comparable, java.lang.Comparable, java.lang.Comparable)</Attribute_Ref>
					<Attribute_Ref>class com.google.common.collect.ImmutableSortedMultiset copyOf([Ljava.lang.Object;)</Attribute_Ref>
					<Attribute_Ref>class com.google.common.collect.ImmutableSortedSet elementSet()</Attribute_Ref>
					<Attribute_Ref>class com.google.common.collect.ImmutableSortedMultiset$Builder orderedBy(java.util.Comparator)</Attribute_Ref>
					<Attribute_Ref>class com.google.common.collect.ImmutableSortedMultiset of(java.lang.Object, java.lang.Object)</Attribute_Ref>
					<Attribute_Ref>class com.google.common.collect.ImmutableSortedMultiset of(java.lang.Comparable, java.lang.Comparable, java.lang.Comparable, java.lang.Comparable)</Attribute_Ref>
					<Attribute_Ref>class com.google.common.collect.ImmutableSortedMultiset tailMultiset(java.lang.Object, com.google.common.collect.BoundType)</Attribute_Ref>
					<Attribute_Ref>interface java.util.NavigableSet elementSet()</Attribute_Ref>
					<Attribute_Ref>interface java.util.stream.Collector toImmutableSortedMultiset(java.util.Comparator, java.util.function.Function, java.util.function.ToIntFunction)</Attribute_Ref>
					<Attribute_Ref>interface com.google.common.collect.Multiset$Entry firstEntry()</Attribute_Ref>
					<Attribute_Ref>class com.google.common.collect.ImmutableSortedMultiset of(java.lang.Comparable)</Attribute_Ref>
					<Attribute_Ref>interface com.google.common.collect.SortedMultiset headMultiset(java.lang.Object, com.google.common.collect.BoundType)</Attribute_Ref>
					<Attribute_Ref>interface com.google.common.collect.Multiset$Entry pollFirstEntry()</Attribute_Ref>
					<Attribute_Ref>int add(java.lang.Object, int)</Attribute_Ref>
					<Attribute_Ref>interface java.util.Iterator iterator()</Attribute_Ref>
					<Attribute_Ref>class com.google.common.collect.ImmutableSortedMultiset of(java.lang.Comparable, java.lang.Comparable)</Attribute_Ref>
					<Attribute_Ref>class com.google.common.collect.ImmutableSortedMultiset of(java.lang.Comparable, java.lang.Comparable, java.lang.Comparable)</Attribute_Ref>
					<Attribute_Ref>boolean retainAll(java.util.Collection)</Attribute_Ref>
					<Attribute_Ref>class com.google.common.collect.ImmutableSortedMultiset of(java.lang.Object, java.lang.Object, java.lang.Object, java.lang.Object, java.lang.Object, java.lang.Object, [Ljava.lang.Object;)</Attribute_Ref>
					<Attribute_Ref>class com.google.common.collect.ImmutableMultiset of(java.lang.Object, java.lang.Object, java.lang.Object)</Attribute_Ref>
					<Attribute_Ref>class com.google.common.collect.ImmutableSortedMultiset$Builder naturalOrder()</Attribute_Ref>
					<Attribute_Ref>int setCount(java.lang.Object, int)</Attribute_Ref>
					<Attribute_Ref>class [Ljava.lang.Object; toArray([Ljava.lang.Object;)</Attribute_Ref>
					<Attribute_Ref>interface java.util.Set elementSet()</Attribute_Ref>
					<Attribute_Ref>class com.google.common.collect.ImmutableMultiset of(java.lang.Object, java.lang.Object)</Attribute_Ref>
					<Attribute_Ref>interface java.util.stream.Stream parallelStream()</Attribute_Ref>
					<Attribute_Ref>boolean removeAll(java.util.Collection)</Attribute_Ref>
					<Attribute_Ref>class com.google.common.collect.ImmutableSortedMultiset of(java.lang.Object, java.lang.Object, java.lang.Object, java.lang.Object)</Attribute_Ref>
					<Attribute_Ref>int count(java.lang.Object)</Attribute_Ref>
					<Attribute_Ref>class com.google.common.collect.ImmutableSortedMultiset headMultiset(java.lang.Object, com.google.common.collect.BoundType)</Attribute_Ref>
					<Attribute_Ref>class com.google.common.collect.UnmodifiableIterator iterator()</Attribute_Ref>
					<Attribute_Ref>class com.google.common.collect.ImmutableSortedMultiset copyOf([Ljava.lang.Comparable;)</Attribute_Ref>
					<Attribute_Ref>class com.google.common.collect.ImmutableSortedMultiset copyOfSorted(com.google.common.collect.SortedMultiset)</Attribute_Ref>
					<Attribute_Ref>class com.google.common.collect.ImmutableList asList()</Attribute_Ref>
					<Attribute_Ref>class com.google.common.collect.ImmutableMultiset of(java.lang.Object, java.lang.Object, java.lang.Object, java.lang.Object, java.lang.Object)</Attribute_Ref>
					<Attribute_Ref>class com.google.common.collect.ImmutableMultiset copyOf([Ljava.lang.Object;)</Attribute_Ref>
					<Attribute_Ref>class com.google.common.collect.ImmutableSortedMultiset subMultiset(java.lang.Object, com.google.common.collect.BoundType, java.lang.Object, com.google.common.collect.BoundType)</Attribute_Ref>
					<Attribute_Ref>interface java.util.Comparator comparator()</Attribute_Ref>
					<Attribute_Ref>boolean contains(java.lang.Object)</Attribute_Ref>
					<Attribute_Ref>class com.google.common.collect.ImmutableSortedMultiset of()</Attribute_Ref>
				</Intent>
				<UpperCovers>
					<Concept_Ref>Concept_Collections_3</Concept_Ref>
				</UpperCovers>
			</Concept>
		</Lattice>
	</Step >
</RCAExplore_Document>
